model,subgroup_variable,subgroup,n,outcome_rate,auc,accuracy,sensitivity,specificity,false_positive_rate,false_negative_rate,precision,f1,brier_score,calibration_slope,calibration_intercept,calibration_error,warning
logistic_regression,age_group,18-39,503,0.011928429423459244,0.5640509725016767,0.9821073558648111,0.0,0.993963782696177,0.006036217303822937,1.0,0.0,0.0,0.026118176606373642,0.21291308089670585,-3.925976485168272,4.7130634042715664,
logistic_regression,age_group,40-59,411,0.1411192214111922,0.7257008889323044,0.7372262773722628,0.6206896551724138,0.7563739376770539,0.24362606232294617,0.3793103448275862,0.29508196721311475,0.4,0.1961319743483949,1.0025866073241336,-1.661392704815278,1.6639793121394115,
logistic_regression,age_group,60+,549,0.28233151183970856,0.7303586048796463,0.4225865209471767,0.9806451612903225,0.20304568527918782,0.7969543147208121,0.01935483870967742,0.3261802575107296,0.4895330112721416,0.32333253016543234,1.052037196086404,-1.8608461802819596,1.9128833763683635,
logistic_regression,sex,Female,749,0.13618157543391188,0.8026032669636635,0.7169559412550067,0.7647058823529411,0.7094281298299846,0.29057187017001546,0.23529411764705882,0.2932330827067669,0.42391304347826086,0.17846892697267663,0.8387010616077281,-1.7218580774180618,1.8831570158103337,
logistic_regression,sex,Male,714,0.1638655462184874,0.8532691949777377,0.6890756302521008,0.9401709401709402,0.6398659966499163,0.3601340033500838,0.05982905982905983,0.3384615384615385,0.497737556561086,0.19269470174857678,1.3159442430162505,-2.0322331492107133,2.3481773922269635,
logistic_regression,education,9th-11th grade,161,0.19875776397515527,0.7999031007751938,0.6832298136645962,0.875,0.6356589147286822,0.3643410852713178,0.125,0.37333333333333335,0.5233644859813085,0.19784087120307933,0.9426036184700253,-1.4872338199715127,1.5446302015014874,
logistic_regression,education,College graduate,343,0.11661807580174927,0.8479372937293729,0.7521865889212828,0.825,0.7425742574257426,0.25742574257425743,0.175,0.2972972972972973,0.43708609271523174,0.1589254929668518,1.3036250674669128,-1.9067654571444126,2.2103905246113253,
logistic_regression,education,High school/GED,325,0.15384615384615385,0.8196363636363636,0.6707692307692308,0.84,0.64,0.36,0.16,0.2978723404255319,0.43979057591623033,0.1989721107898174,1.082894768262002,-1.8715305592681326,1.9544253275301346,
logistic_regression,education,Less than 9th grade,115,0.28695652173913044,0.729859571322986,0.5391304347826087,0.9696969696969697,0.36585365853658536,0.6341463414634146,0.030303030303030304,0.38095238095238093,0.547008547008547,0.292342039594003,0.7047677872065012,-1.450226593538933,1.7454588063324317,
logistic_regression,education,Some college/AA,441,0.14512471655328799,0.8118783156498675,0.6893424036281179,0.828125,0.6657824933687002,0.33421750663129973,0.171875,0.29608938547486036,0.43621399176954734,0.19289050612546169,0.9640852108234269,-1.839856810611843,1.8757715997884161,
logistic_regression,poverty_group,101-200% FPL,333,0.16516516516516516,0.78378024852845,0.6396396396396397,0.8545454545454545,0.5971223021582733,0.4028776978417266,0.14545454545454545,0.29559748427672955,0.4392523364485981,0.2282650068144706,0.7877869611571617,-1.8400519402479711,2.0522649790908094,
logistic_regression,poverty_group,201-400% FPL,329,0.14285714285714285,0.8816206428248076,0.7629179331306991,0.8936170212765957,0.7411347517730497,0.25886524822695034,0.10638297872340426,0.3652173913043478,0.5185185185185185,0.15207529694657113,1.4948365252326656,-1.8448025090249245,2.33963903425759,
logistic_regression,poverty_group,<=100% FPL,268,0.17164179104477612,0.8426361143752448,0.7126865671641791,0.8695652173913043,0.6801801801801802,0.31981981981981983,0.13043478260869565,0.36036036036036034,0.5095541401273885,0.1724617159198683,1.1524701616073612,-1.6145821005532655,1.7670522621606266,
logistic_regression,poverty_group,>400% FPL,328,0.11890243902439024,0.8333776949693905,0.7225609756097561,0.8205128205128205,0.7093425605536332,0.2906574394463668,0.1794871794871795,0.27586206896551724,0.41290322580645167,0.17342259135537477,1.2577384897351798,-2.0005541433914353,2.258292633126615,
logistic_regression,race_ethnicity,Mexican American,193,0.15025906735751296,0.8391505466778806,0.7046632124352331,0.896551724137931,0.6707317073170732,0.32926829268292684,0.10344827586206896,0.325,0.4770642201834863,0.19123779723950374,0.9707888290433737,-1.9305013790116536,1.95971254996828,
logistic_regression,race_ethnicity,Non-Hispanic Asian,207,0.14492753623188406,0.8306967984934087,0.7777777777777778,0.8333333333333334,0.768361581920904,0.23163841807909605,0.16666666666666666,0.3787878787878788,0.5208333333333334,0.1639906492021454,1.0137914377527297,-1.6374978675231433,1.651289305275873,
logistic_regression,race_ethnicity,Non-Hispanic Black,345,0.16231884057971013,0.8022738507167573,0.6869565217391305,0.8392857142857143,0.657439446366782,0.34256055363321797,0.16071428571428573,0.3219178082191781,0.46534653465346537,0.1936945696327308,0.9016734670269455,-1.6466622909810473,1.7449888239541018,
logistic_regression,race_ethnicity,Non-Hispanic White,518,0.14864864864864866,0.8399151868539625,0.6563706563706564,0.8831168831168831,0.6167800453514739,0.3832199546485261,0.11688311688311688,0.2869198312236287,0.43312101910828027,0.19982786902240063,1.2361026365050103,-2.068891939319253,2.304994575824263,
logistic_regression,race_ethnicity,Other Hispanic,132,0.15151515151515152,0.8660714285714285,0.7878787878787878,0.75,0.7946428571428571,0.20535714285714285,0.25,0.39473684210526316,0.5172413793103448,0.14153339426509642,1.212005137424388,-1.4311954579835784,1.6432005954079665,
logistic_regression,race_ethnicity,Other/Multi-racial,68,0.10294117647058823,0.8711943793911006,0.75,1.0,0.7213114754098361,0.2786885245901639,0.0,0.2916666666666667,0.45161290322580644,0.16741784380973418,1.102885535125478,-2.3294993570806812,2.4323848922061595,
random_forest,age_group,18-39,503,0.011928429423459244,0.6492287055667337,0.9880715705765407,0.0,1.0,0.0,1.0,0.0,0.0,0.018475469682963666,0.5866483553479537,-2.8822313638343604,3.295583008486407,
random_forest,age_group,40-59,411,0.1411192214111922,0.7493406271368566,0.8369829683698297,0.3103448275862069,0.9235127478753541,0.0764872521246459,0.6896551724137931,0.4,0.34951456310679613,0.13967334718730262,1.4661570019759371,-0.8726601404755664,1.3388171424515036,
random_forest,age_group,60+,549,0.28233151183970856,0.7316685770427379,0.5555555555555556,0.9032258064516129,0.41878172588832485,0.5812182741116751,0.0967741935483871,0.3794037940379404,0.5343511450381679,0.2594111207732901,1.3168969908558124,-1.477676594525713,1.7945735853815254,
random_forest,sex,Female,749,0.13618157543391188,0.8216049943934297,0.8024032042723631,0.6764705882352942,0.8222565687789799,0.1777434312210201,0.3235294117647059,0.375,0.4825174825174825,0.13561322146947177,1.142724383735482,-1.2591168853432109,1.4018412690786928,
random_forest,sex,Male,714,0.1638655462184874,0.8445647038611863,0.7633053221288515,0.7606837606837606,0.7638190954773869,0.23618090452261306,0.23931623931623933,0.3869565217391304,0.5129682997118156,0.15061808034791876,1.227812365313614,-1.3642489933156052,1.5920613586292192,
random_forest,education,9th-11th grade,161,0.19875776397515527,0.815406976744186,0.7329192546583851,0.65625,0.751937984496124,0.24806201550387597,0.34375,0.39622641509433965,0.49411764705882355,0.1533161471285041,1.219162262273429,-0.9693161864188079,1.188478448692237,
random_forest,education,College graduate,343,0.11661807580174927,0.8525577557755776,0.8367346938775511,0.775,0.8448844884488449,0.1551155115511551,0.225,0.3974358974358974,0.5254237288135594,0.12254514782980067,1.2981388952290178,-1.4311733625151473,1.729312257744165,
random_forest,education,High school/GED,325,0.15384615384615385,0.8014545454545454,0.7569230769230769,0.74,0.76,0.24,0.26,0.3592233009708738,0.4836601307189542,0.16137462814432835,1.0491777552538575,-1.3790645213728108,1.4282422766266683,
random_forest,education,Less than 9th grade,115,0.28695652173913044,0.7749445676274944,0.6608695652173913,0.8181818181818182,0.5975609756097561,0.4024390243902439,0.18181818181818182,0.45,0.5806451612903226,0.20703696821812198,1.234321952407366,-1.0842766049369332,1.3185985573442993,
random_forest,education,Some college/AA,441,0.14512471655328799,0.818675397877984,0.7755102040816326,0.65625,0.7957559681697612,0.20424403183023873,0.34375,0.35294117647058826,0.45901639344262296,0.14842965234078828,1.1018415214657398,-1.3678836924055642,1.469725213871304,
random_forest,poverty_group,101-200% FPL,333,0.16516516516516516,0.784434270765206,0.7297297297297297,0.7272727272727273,0.7302158273381295,0.2697841726618705,0.2727272727272727,0.34782608695652173,0.4705882352941176,0.17877605058857232,0.9210307429042102,-1.430326974734117,1.5092962318299068,
random_forest,poverty_group,201-400% FPL,329,0.14285714285714285,0.8878074543534027,0.8297872340425532,0.8085106382978723,0.8333333333333334,0.16666666666666666,0.19148936170212766,0.4470588235294118,0.5757575757575757,0.11968710887971869,1.5108460887853699,-1.2941039208991623,1.8049500096845321,
random_forest,poverty_group,<=100% FPL,268,0.17164179104477612,0.8486094790442616,0.7723880597014925,0.6304347826086957,0.8018018018018018,0.1981981981981982,0.3695652173913043,0.3972602739726027,0.48739495798319327,0.1318081107538343,1.4010679070412768,-0.9886657727068594,1.389733679748136,
random_forest,poverty_group,>400% FPL,328,0.11890243902439024,0.8346198207789903,0.823170731707317,0.7692307692307693,0.8304498269896193,0.1695501730103806,0.23076923076923078,0.379746835443038,0.5084745762711864,0.1308943983811748,1.213779402664691,-1.4299426832705049,1.643722085935196,
random_forest,race_ethnicity,Mexican American,193,0.15025906735751296,0.8513456686291001,0.8082901554404145,0.7586206896551724,0.8170731707317073,0.18292682926829268,0.2413793103448276,0.4230769230769231,0.5432098765432098,0.13078924074296927,1.1893970403652792,-1.221749993695127,1.4111470340604062,
random_forest,race_ethnicity,Non-Hispanic Asian,207,0.14492753623188406,0.8293785310734464,0.855072463768116,0.6333333333333333,0.8926553672316384,0.10734463276836158,0.36666666666666664,0.5,0.5588235294117647,0.11761357361252824,1.0767512232451317,-0.9308562228295293,1.007607446074661,
random_forest,race_ethnicity,Non-Hispanic Black,345,0.16231884057971013,0.8117894216510133,0.7391304347826086,0.6607142857142857,0.754325259515571,0.24567474048442905,0.3392857142857143,0.3425925925925926,0.45121951219512196,0.15559540162060662,1.2213992312265547,-1.2716227511292026,1.4930219823557573,
random_forest,race_ethnicity,Non-Hispanic White,518,0.14864864864864866,0.8411814942427187,0.7625482625482626,0.8181818181818182,0.7528344671201814,0.2471655328798186,0.18181818181818182,0.36627906976744184,0.5060240963855422,0.1573785291667714,1.2730941370852025,-1.5519044635152144,1.8249986006004169,
random_forest,race_ethnicity,Other Hispanic,132,0.15151515151515152,0.8558035714285714,0.7878787878787878,0.65,0.8125,0.1875,0.35,0.38235294117647056,0.48148148148148157,0.1277536365772267,1.3028486336741332,-1.0897121823737164,1.3925608160478495,
random_forest,race_ethnicity,Other/Multi-racial,68,0.10294117647058823,0.8852459016393442,0.8676470588235294,0.5714285714285714,0.9016393442622951,0.09836065573770492,0.42857142857142855,0.4,0.47058823529411764,0.10972510812016398,1.1823109993585408,-1.4952843738664698,1.6775953732250106,
xgboost,age_group,18-39,503,0.011928429423459244,0.7287055667337357,0.9880715705765407,0.0,1.0,0.0,1.0,0.0,0.0,0.011684385128319263,0.9587708753931272,-0.6988802851123836,0.7401094097192564,
xgboost,age_group,40-59,411,0.1411192214111922,0.7659226335840579,0.8588807785888077,0.034482758620689655,0.9943342776203966,0.0056657223796034,0.9655172413793104,0.5,0.06451612903225806,0.10625515133142471,1.214515023728765,0.41377156257169906,0.6282865863004641,
xgboost,age_group,60+,549,0.28233151183970856,0.7309644670050761,0.7340619307832422,0.2709677419354839,0.916243654822335,0.08375634517766498,0.7290322580645161,0.56,0.3652173913043478,0.17774342000484467,0.9442480127908561,-0.0951642506716807,0.1509162378808246,
xgboost,sex,Female,749,0.13618157543391188,0.8188244385853259,0.8598130841121495,0.09803921568627451,0.9799072642967542,0.02009273570324575,0.9019607843137255,0.43478260869565216,0.16,0.09916051477193832,0.9477280014800992,-0.06003445200834993,0.11230645052825075,
xgboost,sex,Male,714,0.1638655462184874,0.8635914615814113,0.8529411764705882,0.2905982905982906,0.9631490787269682,0.03685092127303183,0.7094017094017094,0.6071428571428571,0.393063583815029,0.1020420640707016,1.1732425912703104,0.06927375863260248,0.24251634990291288,
xgboost,education,9th-11th grade,161,0.19875776397515527,0.8036579457364341,0.8198757763975155,0.15625,0.9844961240310077,0.015503875968992248,0.84375,0.7142857142857143,0.25641025641025644,0.13474005460739136,0.9577855811361693,0.28028698744082975,0.32250140630466045,
xgboost,education,College graduate,343,0.11661807580174927,0.8614686468646865,0.8979591836734694,0.2,0.9900990099009901,0.009900990099009901,0.8,0.7272727272727273,0.3137254901960785,0.07531581819057465,1.3049997649496057,0.17141600905289694,0.4764157740025026,
xgboost,education,High school/GED,325,0.15384615384615385,0.8188363636363636,0.8492307692307692,0.22,0.9636363636363636,0.03636363636363636,0.78,0.5238095238095238,0.3098591549295775,0.10545196384191513,0.9529878106802966,-0.17628240748052637,0.22329459680022978,
xgboost,education,Less than 9th grade,115,0.28695652173913044,0.7686622320768662,0.6869565217391305,0.15151515151515152,0.9024390243902439,0.0975609756097561,0.8484848484848485,0.38461538461538464,0.21739130434782608,0.17612724006175995,0.9737537347642049,0.08077509309729927,0.10702135833309437,
xgboost,education,Some college/AA,441,0.14512471655328799,0.8280421087533156,0.8616780045351474,0.234375,0.9681697612732095,0.03183023872679045,0.765625,0.5555555555555556,0.32967032967032966,0.10211281478404999,0.9905318702750258,-0.09224117698635471,0.10170930671132895,
xgboost,poverty_group,101-200% FPL,333,0.16516516516516516,0.8130150425114454,0.8348348348348348,0.2727272727272727,0.9460431654676259,0.0539568345323741,0.7272727272727273,0.5,0.3529411764705882,0.117924764752388,0.9013088567263167,-0.2823784464052198,0.38106958967890314,
xgboost,poverty_group,201-400% FPL,329,0.14285714285714285,0.8856194356420704,0.8693009118541033,0.2127659574468085,0.9787234042553191,0.02127659574468085,0.7872340425531915,0.625,0.31746031746031744,0.08723489940166473,1.2976012450808236,0.4368572239748608,0.7344584690556845,
xgboost,poverty_group,<=100% FPL,268,0.17164179104477612,0.8403838621229925,0.8507462686567164,0.21739130434782608,0.9819819819819819,0.018018018018018018,0.782608695652174,0.7142857142857143,0.3333333333333333,0.10756710171699524,1.0292018170539423,0.226367577297414,0.2555693943513563,
xgboost,poverty_group,>400% FPL,328,0.11890243902439024,0.8493478839499601,0.8932926829268293,0.15384615384615385,0.9930795847750865,0.006920415224913495,0.8461538461538461,0.75,0.25531914893617025,0.08014954626560211,1.249302547543292,0.08126787566921603,0.33057042321250796,
xgboost,race_ethnicity,Mexican American,193,0.15025906735751296,0.8666947014297729,0.844559585492228,0.20689655172413793,0.9573170731707317,0.042682926829268296,0.7931034482758621,0.46153846153846156,0.28571428571428575,0.09599904716014862,1.1528109343583555,0.05888430838056179,0.21169524273891727,
xgboost,race_ethnicity,Non-Hispanic Asian,207,0.14492753623188406,0.8372881355932205,0.8647342995169082,0.2,0.9774011299435028,0.022598870056497175,0.8,0.6,0.3,0.09602024406194687,0.9861874604462131,0.15250187836764623,0.16631441792143314,
xgboost,race_ethnicity,Non-Hispanic Black,345,0.16231884057971013,0.8077731092436975,0.8376811594202899,0.14285714285714285,0.972318339100346,0.02768166089965398,0.8571428571428571,0.5,0.22222222222222224,0.11460678279399872,0.9614318582594824,0.013256028884262472,0.051824170624780064,
xgboost,race_ethnicity,Non-Hispanic White,518,0.14864864864864866,0.8550372529964366,0.8706563706563707,0.2727272727272727,0.9750566893424036,0.024943310657596373,0.7272727272727273,0.65625,0.38532110091743116,0.09659308940172195,1.2182666882159157,0.026419271960422885,0.24468596017633854,
xgboost,race_ethnicity,Other Hispanic,132,0.15151515151515152,0.8441964285714285,0.8333333333333334,0.05,0.9732142857142857,0.026785714285714284,0.95,0.25,0.08333333333333334,0.10752838850021362,0.9500610417242535,0.182123194201564,0.23206215247731046,
xgboost,race_ethnicity,Other/Multi-racial,68,0.10294117647058823,0.9016393442622951,0.8970588235294118,0.2857142857142857,0.9672131147540983,0.03278688524590164,0.7142857142857143,0.5,0.36363636363636365,0.07289604097604752,0.9983593858127064,-0.5503252771938074,0.551965891381101,
